--
-- PostgreSQL database dump
--

-- Dumped from database version 17.2
-- Dumped by pg_dump version 17.2

SET statement_timeout = 0;
SET lock_timeout = 0;
SET idle_in_transaction_session_timeout = 0;
SET transaction_timeout = 0;
SET client_encoding = 'UTF8';
SET standard_conforming_strings = on;
SELECT pg_catalog.set_config('search_path', '', false);
SET check_function_bodies = false;
SET xmloption = content;
SET client_min_messages = warning;
SET row_security = off;

SET default_tablespace = '';

SET default_table_access_method = heap;

--
-- Name: customer; Type: TABLE; Schema: public; Owner: postgres
--

CREATE TABLE public.customer (
    id bigint NOT NULL,
    address character varying(255),
    name character varying(255)
);


ALTER TABLE public.customer OWNER TO postgres;

--
-- Name: customer_id_seq; Type: SEQUENCE; Schema: public; Owner: postgres
--

ALTER TABLE public.customer ALTER COLUMN id ADD GENERATED BY DEFAULT AS IDENTITY (
    SEQUENCE NAME public.customer_id_seq
    START WITH 1
    INCREMENT BY 1
    NO MINVALUE
    NO MAXVALUE
    CACHE 1
);


--
-- Name: food_and_beverage; Type: TABLE; Schema: public; Owner: postgres
--

CREATE TABLE public.food_and_beverage (
    id bigint NOT NULL,
    name character varying(255),
    price double precision
);


ALTER TABLE public.food_and_beverage OWNER TO postgres;

--
-- Name: food_and_beverage_id_seq; Type: SEQUENCE; Schema: public; Owner: postgres
--

ALTER TABLE public.food_and_beverage ALTER COLUMN id ADD GENERATED BY DEFAULT AS IDENTITY (
    SEQUENCE NAME public.food_and_beverage_id_seq
    START WITH 1
    INCREMENT BY 1
    NO MINVALUE
    NO MAXVALUE
    CACHE 1
);


--
-- Name: order_food_and_beverage; Type: TABLE; Schema: public; Owner: postgres
--

CREATE TABLE public.order_food_and_beverage (
    id bigint NOT NULL,
    quantity integer NOT NULL,
    food_and_beverage_id bigint,
    order_id bigint
);


ALTER TABLE public.order_food_and_beverage OWNER TO postgres;

--
-- Name: order_food_and_beverage_id_seq; Type: SEQUENCE; Schema: public; Owner: postgres
--

ALTER TABLE public.order_food_and_beverage ALTER COLUMN id ADD GENERATED BY DEFAULT AS IDENTITY (
    SEQUENCE NAME public.order_food_and_beverage_id_seq
    START WITH 1
    INCREMENT BY 1
    NO MINVALUE
    NO MAXVALUE
    CACHE 1
);


--
-- Name: orders; Type: TABLE; Schema: public; Owner: postgres
--

CREATE TABLE public.orders (
    id bigint NOT NULL,
    total_price double precision,
    customer_id bigint,
    restaurant_id bigint,
    order_delivered boolean,
    order_driver_id bigint
);


ALTER TABLE public.orders OWNER TO postgres;

--
-- Name: orders_id_seq; Type: SEQUENCE; Schema: public; Owner: postgres
--

ALTER TABLE public.orders ALTER COLUMN id ADD GENERATED BY DEFAULT AS IDENTITY (
    SEQUENCE NAME public.orders_id_seq
    START WITH 1
    INCREMENT BY 1
    NO MINVALUE
    NO MAXVALUE
    CACHE 1
);


--
-- Name: restaurant; Type: TABLE; Schema: public; Owner: postgres
--

CREATE TABLE public.restaurant (
    id bigint NOT NULL,
    address character varying(255),
    name character varying(255)
);


ALTER TABLE public.restaurant OWNER TO postgres;

--
-- Name: restaurant_id_seq; Type: SEQUENCE; Schema: public; Owner: postgres
--

ALTER TABLE public.restaurant ALTER COLUMN id ADD GENERATED BY DEFAULT AS IDENTITY (
    SEQUENCE NAME public.restaurant_id_seq
    START WITH 1
    INCREMENT BY 1
    NO MINVALUE
    NO MAXVALUE
    CACHE 1
);


--
-- Data for Name: customer; Type: TABLE DATA; Schema: public; Owner: postgres
--

COPY public.customer (id, address, name) FROM stdin;
1	620 Eddy Street Apt #28	Sercan Dorman
\.


--
-- Data for Name: food_and_beverage; Type: TABLE DATA; Schema: public; Owner: postgres
--

COPY public.food_and_beverage (id, name, price) FROM stdin;
1	Chana Masala	13.5
2	Coke	2.5
\.


--
-- Data for Name: order_food_and_beverage; Type: TABLE DATA; Schema: public; Owner: postgres
--

COPY public.order_food_and_beverage (id, quantity, food_and_beverage_id, order_id) FROM stdin;
1	3	2	1
2	3	2	2
3	3	2	3
4	3	2	4
5	2	1	5
6	3	2	5
7	1	1	6
8	1	2	6
9	1	1	7
10	2	1	7
11	1	1	8
12	2	2	8
13	2	1	9
14	2	2	9
15	1	1	10
16	2	2	10
17	1	1	11
18	2	2	11
19	1	1	12
20	2	2	12
21	1	1	13
22	2	2	13
23	1	1	14
24	2	2	14
25	1	1	15
26	2	2	15
27	1	1	16
28	2	2	16
29	1	1	17
30	2	2	17
31	1	1	18
32	2	2	18
33	1	1	19
34	2	2	19
35	1	1	20
36	2	2	20
37	1	1	21
38	2	2	21
39	1	1	22
40	2	2	22
41	1	1	23
42	2	2	23
43	1	1	24
44	2	2	24
45	1	1	25
46	2	2	25
47	1	1	26
48	2	2	26
49	1	1	27
50	2	2	27
51	1	1	28
52	2	2	28
53	1	1	29
54	2	2	29
55	1	1	30
56	2	2	30
57	1	1	31
58	2	2	31
59	1	1	32
60	2	2	32
61	1	1	33
62	2	2	33
63	1	1	34
64	2	2	34
65	1	1	35
66	2	2	35
67	1	1	36
68	2	2	36
69	1	1	37
70	2	2	37
71	1	1	38
72	2	2	38
73	1	1	39
74	2	2	39
75	1	1	40
76	2	2	40
77	1	1	41
78	2	2	41
79	1	1	42
80	2	2	42
81	1	1	43
82	2	2	43
83	1	1	44
84	2	2	44
85	1	1	45
86	2	2	45
87	1	1	46
88	2	2	46
89	1	1	47
90	2	2	47
91	1	1	48
92	2	2	48
\.


--
-- Data for Name: orders; Type: TABLE DATA; Schema: public; Owner: postgres
--

COPY public.orders (id, total_price, customer_id, restaurant_id, order_delivered, order_driver_id) FROM stdin;
1	5	1	1	f	31
2	5	1	1	f	31
3	5	1	1	f	31
4	7.5	1	1	f	31
5	34.5	1	1	f	31
6	16	1	1	f	31
7	40.5	1	1	f	31
8	18.5	1	1	f	31
9	32	1	1	f	31
10	18.5	1	1	f	31
11	18.5	1	1	f	31
12	18.5	1	1	f	31
13	18.5	1	1	f	31
14	18.5	1	1	f	31
15	18.5	1	1	f	31
16	18.5	1	1	f	31
17	18.5	1	1	f	31
18	18.5	1	1	f	31
19	18.5	1	1	f	31
20	18.5	1	1	f	31
21	18.5	1	1	f	31
22	18.5	1	1	f	31
23	18.5	1	1	f	31
24	18.5	1	1	f	31
25	18.5	1	1	f	31
26	18.5	1	1	f	31
27	18.5	1	1	f	31
28	18.5	1	1	f	31
29	18.5	1	1	f	31
30	18.5	1	1	f	31
31	18.5	1	1	f	31
32	18.5	1	1	f	31
33	18.5	1	1	f	31
34	18.5	1	1	f	31
35	18.5	1	1	f	31
36	18.5	1	1	f	31
37	18.5	1	1	f	31
38	18.5	1	1	f	31
39	18.5	1	1	f	31
40	18.5	1	1	f	31
41	18.5	1	1	f	31
42	18.5	1	1	f	31
43	18.5	1	1	f	31
44	18.5	1	1	t	31
45	18.5	1	1	t	31
46	18.5	1	1	t	31
47	18.5	1	1	t	31
48	18.5	1	1	t	31
\.


--
-- Data for Name: restaurant; Type: TABLE DATA; Schema: public; Owner: postgres
--

COPY public.restaurant (id, address, name) FROM stdin;
1	4th Street	Chipotle
\.


--
-- Name: customer_id_seq; Type: SEQUENCE SET; Schema: public; Owner: postgres
--

SELECT pg_catalog.setval('public.customer_id_seq', 1, false);


--
-- Name: food_and_beverage_id_seq; Type: SEQUENCE SET; Schema: public; Owner: postgres
--

SELECT pg_catalog.setval('public.food_and_beverage_id_seq', 1, false);


--
-- Name: order_food_and_beverage_id_seq; Type: SEQUENCE SET; Schema: public; Owner: postgres
--

SELECT pg_catalog.setval('public.order_food_and_beverage_id_seq', 92, true);


--
-- Name: orders_id_seq; Type: SEQUENCE SET; Schema: public; Owner: postgres
--

SELECT pg_catalog.setval('public.orders_id_seq', 48, true);


--
-- Name: restaurant_id_seq; Type: SEQUENCE SET; Schema: public; Owner: postgres
--

SELECT pg_catalog.setval('public.restaurant_id_seq', 1, false);


--
-- Name: customer customer_pkey; Type: CONSTRAINT; Schema: public; Owner: postgres
--

ALTER TABLE ONLY public.customer
    ADD CONSTRAINT customer_pkey PRIMARY KEY (id);


--
-- Name: food_and_beverage food_and_beverage_pkey; Type: CONSTRAINT; Schema: public; Owner: postgres
--

ALTER TABLE ONLY public.food_and_beverage
    ADD CONSTRAINT food_and_beverage_pkey PRIMARY KEY (id);


--
-- Name: order_food_and_beverage order_food_and_beverage_pkey; Type: CONSTRAINT; Schema: public; Owner: postgres
--

ALTER TABLE ONLY public.order_food_and_beverage
    ADD CONSTRAINT order_food_and_beverage_pkey PRIMARY KEY (id);


--
-- Name: orders orders_pkey; Type: CONSTRAINT; Schema: public; Owner: postgres
--

ALTER TABLE ONLY public.orders
    ADD CONSTRAINT orders_pkey PRIMARY KEY (id);


--
-- Name: restaurant restaurant_pkey; Type: CONSTRAINT; Schema: public; Owner: postgres
--

ALTER TABLE ONLY public.restaurant
    ADD CONSTRAINT restaurant_pkey PRIMARY KEY (id);


--
-- Name: orders fk624gtjin3po807j3vix093tlf; Type: FK CONSTRAINT; Schema: public; Owner: postgres
--

ALTER TABLE ONLY public.orders
    ADD CONSTRAINT fk624gtjin3po807j3vix093tlf FOREIGN KEY (customer_id) REFERENCES public.customer(id);


--
-- Name: order_food_and_beverage fkd3ir97ngmlvinbiwa1ai86m67; Type: FK CONSTRAINT; Schema: public; Owner: postgres
--

ALTER TABLE ONLY public.order_food_and_beverage
    ADD CONSTRAINT fkd3ir97ngmlvinbiwa1ai86m67 FOREIGN KEY (order_id) REFERENCES public.orders(id);


--
-- Name: orders fki7hgjxhw21nei3xgpe4nnpenh; Type: FK CONSTRAINT; Schema: public; Owner: postgres
--

ALTER TABLE ONLY public.orders
    ADD CONSTRAINT fki7hgjxhw21nei3xgpe4nnpenh FOREIGN KEY (restaurant_id) REFERENCES public.restaurant(id);


--
-- Name: order_food_and_beverage fkkmeri66lk0o0yeskypg5q0buq; Type: FK CONSTRAINT; Schema: public; Owner: postgres
--

ALTER TABLE ONLY public.order_food_and_beverage
    ADD CONSTRAINT fkkmeri66lk0o0yeskypg5q0buq FOREIGN KEY (food_and_beverage_id) REFERENCES public.food_and_beverage(id);


--
-- PostgreSQL database dump complete
--

